,id,article_url,image_url
0,1673960893388770,https://mp.weixin.qq.com/s?__biz=MzkyMTQwNTk0Mg==&mid=2247483964&idx=1&sn=e9a61dd2047ca333c082e39685365487&chksm=c18552a5f6f2dbb3728bd0ff9bdde10c10c623e3450ef8e5b7db5f10723bf59c1484af7df42e&scene=21&token=1580514169&lang=zh_CN#wechat_redirect,https://mmbiz.qpic.cn/mmbiz_jpg/5dibgI1PibHdalFicer5KZSZmSy0cj6GzEBUButNppxzwTicSH74oxib07YvQTwxYPcLXsB9SUlJLtpWWIWRcg00Q9A/0?wx_fmt=jpeg
1,1673960893835659,https://mp.weixin.qq.com/s?__biz=MzkyMTQwNTk0Mg==&mid=2247484047&idx=1&sn=e5ac6c295297f7530e34acddfbfefaf7&chksm=c1855216f6f2db00e9cbe812d72efdd4d4e8f8d6e3a6aee959ae190d2ca3a904eb7d7517c16c&scene=21&token=1580514169&lang=zh_CN#wechat_redirect,https://mmbiz.qpic.cn/mmbiz_jpg/5dibgI1PibHdZIBjqdoRVdYLjXWezpt2h15THy0iaDh0OZKJLjm8oADjzLHpp0XJnbWLPZAMzrZPXPfGTWnSkF3IA/0?wx_fmt=jpeg
2,1673960894231542,https://mp.weixin.qq.com/s?__biz=MzkyMTQwNTk0Mg==&mid=2247484077&idx=1&sn=e718a7e89495bba0054276267cedec6d&chksm=c1855234f6f2db22767ebbd7589ecaa9234ae2d1ad1bd0fb4ec0d7d81854188304105c33efde&scene=21&token=1580514169&lang=zh_CN#wechat_redirect,https://mmbiz.qpic.cn/mmbiz_jpg/5dibgI1PibHdYV9OlkFs1opF5SXCGxMTVsIfhibvxX4nia3Nlm3dq4FIANrVvz9D3xx4K7yqump19fMWS4aZ2z3YmQ/0?wx_fmt=jpeg
3,1673960894692891,https://mp.weixin.qq.com/s?__biz=MzkyMTQwNTk0Mg==&mid=2247484098&idx=1&sn=66737e86d84ff35b3b219d46c9413fae&chksm=c185525bf6f2db4d5da2fdc80637d9bdccbcc56fbff9c465a4949ab90f0c2207642ac1db6110&scene=21&token=1580514169&lang=zh_CN#wechat_redirect,https://mmbiz.qpic.cn/mmbiz_jpg/5dibgI1PibHdYV9OlkFs1opF5SXCGxMTVssbOGTicrpIJibC1pO7ibkrh2mAkxCzEn2T2fG4icWG7UlHLHZNBWklvhuA/0?wx_fmt=jpeg
4,1673960895602887,https://mp.weixin.qq.com/s?__biz=MzkyMTQwNTk0Mg==&mid=2247484173&idx=1&sn=09e8886acff5535612c6c6ef5e28a180&chksm=c1855394f6f2da826c6418928754300c62b9650b84645d5d7219b5e67f774fabd569c2a5f1b2&scene=21&token=1580514169&lang=zh_CN#wechat_redirect,https://mmbiz.qpic.cn/mmbiz_jpg/5dibgI1PibHdYQHJTr4Nje7FkaFXoRcHpbjhGtxYKDllaCHHfPOzPp06K9E6uy4hHHpJFqxjNQonTUDLQN4FMIpQ/0?wx_fmt=jpeg
5,1673960896545297,https://mp.weixin.qq.com/s?__biz=MzkyMTQwNTk0Mg==&mid=2247484190&idx=1&sn=8d333eb1d56d66e2ad0dd10d12b3f472&chksm=c1855387f6f2da919d645f61513c3589832b8fa8cabf008dd16393f347153481941b880d9254&scene=21&token=1580514169&lang=zh_CN#wechat_redirect,https://mmbiz.qpic.cn/mmbiz_jpg/5dibgI1PibHdbgcagxiaEETn0gfACTOzb7uGdue2wpWwicW9H4BIuFNfrhrCqG1y3aytVBCJkniaZxvZnYvLVfvoHoA/0?wx_fmt=jpeg
6,1673960897023985,https://mp.weixin.qq.com/s?__biz=MzkyMTQwNTk0Mg==&mid=2247484288&idx=1&sn=2e96e214a6ae78be6555c97367d929b1&chksm=c1855319f6f2da0f736ded55a6e4da24e745ae5b5b49bcc1d849339e412ab6bff832f7df66e6&scene=21&token=1580514169&lang=zh_CN#wechat_redirect,https://mmbiz.qpic.cn/mmbiz_jpg/5dibgI1PibHdZ3VJq59lBjEZiasGLgPdWdg53YeXuBibT7MWD1tiajGVrzVwInqvJAsS3BcXQia7qmV7QaCFY9PCXy2A/0?wx_fmt=jpeg
7,1673960897447035,https://mp.weixin.qq.com/s?__biz=MzkyMTQwNTk0Mg==&mid=2247484368&idx=1&sn=310b4c2655281adcb18422399773ce81&chksm=c1855349f6f2da5f176e8ddbc9a576045dbf17d0fc3a7f45d9e2da3265ca14000285e993183d&scene=21&token=1580514169&lang=zh_CN#wechat_redirect,https://mmbiz.qpic.cn/mmbiz_jpg/5dibgI1PibHdZnYZ0gm7RuLwYaTgAU1nLbGvHOkBE2CWqFxnFnHv6ysuus7t3dR10FZs1KTD16l7FjCkxSp3ZwFw/0?wx_fmt=jpeg
8,1673960897849105,https://mp.weixin.qq.com/s?__biz=MzkyMTQwNTk0Mg==&mid=2247484390&idx=1&sn=629e03e756470248630105b5aed372ab&chksm=c185537ff6f2da69f690098aa1e0d700e7039a1dcdd88e27a19178f21b5663c39ae1733be5c2&scene=21&token=1580514169&lang=zh_CN#wechat_redirect,https://mmbiz.qpic.cn/mmbiz_jpg/5dibgI1PibHdaIRMxuRQag3z4gdQtMib0gRJkP1zPZdXkJebemClaWLCjJucgucnIOEN8ITh1LXqFFDk8zqch39zw/0?wx_fmt=jpeg
9,1673960898429583,https://mp.weixin.qq.com/s?__biz=MzkyMTQwNTk0Mg==&mid=2247484411&idx=1&sn=2a7936891d2eec462eb156ce1f17b800&chksm=c1855362f6f2da743246418e6fedf52b6b8c3d69971df02a347ab2fc60aacc9b1c0e1021ecd3&scene=21&token=1580514169&lang=zh_CN#wechat_redirect,https://mmbiz.qpic.cn/mmbiz_jpg/5dibgI1PibHdb3QrqVMQiaxmZJ4H2ib0PL2DsQVP0MDqj8aE00G1ZhrKrPzX8ngaSokCSjpKSavPEDwA4B1WDOm76w/0?wx_fmt=jpeg
10,1673960899148598,https://mp.weixin.qq.com/s?__biz=MzkyMTQwNTk0Mg==&mid=2247484510&idx=1&sn=dbbd6f2c6f5e5d3fb39724e947fc2231&chksm=c18554c7f6f2ddd1c50dc854e1b8c02b5c86b70479b1fc3dba99cffcb477e0c00b22ee4473f8&scene=21&token=1580514169&lang=zh_CN#wechat_redirect,https://mmbiz.qpic.cn/mmbiz_jpg/5dibgI1PibHdbNY4Qg3zhjSgnasib1nIX9qEPXRtK1wficEslw4GoYoESmDEx7cGj49GC5XE209nMdSnRzeLMibNuYg/0?wx_fmt=jpeg
11,1673960900003212,https://mp.weixin.qq.com/s?__biz=MzkyMTQwNTk0Mg==&mid=2247484605&idx=1&sn=1d1bf427ee35fc6581e3d518a675343a&chksm=c1855424f6f2dd320193c98069e0115126861a28fd9a77e355dd621a4faada0b97ff240b8f77&scene=21&token=1580514169&lang=zh_CN#wechat_redirect,https://mmbiz.qpic.cn/mmbiz_jpg/5dibgI1PibHdZVCPU9hU2acMlmibic62fCwiay75a4pyLm3ianibNRSORZv5T4qW4dSfy15ACV781hAmDVx1s6DHCz02A/0?wx_fmt=jpeg
12,1673960900429638,https://mp.weixin.qq.com/s?__biz=MzkyMTQwNTk0Mg==&mid=2247484751&idx=1&sn=512e967377f23076bd64ebd33c68a856&chksm=c18555d6f6f2dcc053a78a220b84aeb180c829854ba3e86278e8411f6984e4ed803790548431&scene=21&token=1580514169&lang=zh_CN#wechat_redirect,https://mmbiz.qpic.cn/mmbiz_jpg/5dibgI1PibHdbic4DM3dhlhV5URMF68ia311iabV78rQNZNT1mibgdGI8XvWZ1iarAGJaXBEa1WjT5DaGOlp9oBV9ic6yg/0?wx_fmt=jpeg
13,1673960900944733,https://mp.weixin.qq.com/s?__biz=MzkyMTQwNTk0Mg==&mid=2247484786&idx=1&sn=f7c36c5630d0e88bd632dac1c438e5e5&chksm=c18555ebf6f2dcfd36e02bc32f8219fbc16b1718ace1794a0470522722b51946c5c3522c1835&token=1580514169&lang=zh_CN#rd,https://mmbiz.qpic.cn/mmbiz_jpg/5dibgI1PibHdYSMqmMqj552gDstDGFUv9ut7zJXCyhzf90HbQeDb9JO83JBJ5QGmIu6KdoaMXB3tib4hgicDsCCdfQ/0?wx_fmt=jpeg
14,1673960901409099,https://mp.weixin.qq.com/s?__biz=MzkyMTQwNTk0Mg==&mid=2247484868&idx=1&sn=aaa5b1de3ac1e08d44dbbf873b800ef5&chksm=c185555df6f2dc4b2d9a89eaa29348886e80e9b132f6f0e74160a4294d5d6ce6a85d5d138dec&scene=21&token=1580514169&lang=zh_CN#wechat_redirect,https://mmbiz.qpic.cn/mmbiz_jpg/5dibgI1PibHdZYrp5NqL3VIUzDIqAmY3DoJIEoy9boo9KTTia5KaTgo9LibTacKrd2bPV1NGXRZKHSWlCxZoy837wg/0?wx_fmt=jpeg
15,1673960902354273,https://mp.weixin.qq.com/s?__biz=MzkyMTQwNTk0Mg==&mid=2247485330&idx=1&sn=87b0dd65df4f36e8c62878803a8c41ef&chksm=c185570bf6f2de1d10eab15720cecdd767741aebd46550b0735e5668f8a7c53da1a46727ebc7&scene=21&token=1580514169&lang=zh_CN#wechat_redirect,https://mmbiz.qpic.cn/mmbiz_jpg/5dibgI1PibHdbGFuuEz31hOKMX7AJnEow6QF4C8icHFgwwrN7aia7gXan41SRyK1HrcbOeOTuR3FbYHVvZicqfZaemw/0?wx_fmt=jpeg
16,1673960903047621,https://mp.weixin.qq.com/s?__biz=MzkyMTQwNTk0Mg==&mid=2247485531&idx=1&sn=c84ffa6adf4447c26f7bdcf51f602d12&chksm=c18558c2f6f2d1d4310100d90c85fd25fc9be6325d1270708872b9db61667fb81825b1db7a72&scene=21&token=1580514169&lang=zh_CN#wechat_redirect,https://mmbiz.qpic.cn/mmbiz_jpg/5dibgI1PibHdaqDrAOU8f7gB540IPlMFbogyhRpmJtfnozMMvNhAHUmbndT89cJQgFgADFZzJwcU7lmicR8kukJUg/0?wx_fmt=jpeg
17,1673960903501689,https://mp.weixin.qq.com/s?__biz=MzkyMTQwNTk0Mg==&mid=2247485559&idx=1&sn=b81a342a3f8c4c8f97dbbeca857f89a2&chksm=c18558eef6f2d1f85b3e1e2fe3a1b71dc0ad3508a502dda08770d26a8397726906839684c130&scene=21&token=1580514169&lang=zh_CN#wechat_redirect,https://mmbiz.qpic.cn/mmbiz_jpg/5dibgI1PibHdbItNxWwXSiceuFGzqBr0iaXTOSPlDOIOgmvBfdJK2N3OFmfU7q66swkFp3Uz3dza5uXurmdaBjX8NQ/0?wx_fmt=jpeg
18,1673960904443266,https://mp.weixin.qq.com/s?__biz=MzkyMTQwNTk0Mg==&mid=2247485627&idx=1&sn=4c37a0083076273b4774e00d9d26573d&chksm=c1855822f6f2d134a243af626272d9dcddfceb4834c7c401f926845d3f162a1fd82412006f5e&scene=21&token=1580514169&lang=zh_CN#wechat_redirect,https://mmbiz.qpic.cn/mmbiz_jpg/5dibgI1PibHdaU7KibibfYL1ZCqgPyLfZNSBL00wQXJ5gib7qsjiczk9cibYRlIoLZVIicx6DSMuXGdWaIXUsIW3jEItvw/0?wx_fmt=jpeg
19,1673960906386048,https://mp.weixin.qq.com/s?__biz=MzkyMTQwNTk0Mg==&mid=2247485745&idx=1&sn=1c3ba7cf802d90683c351a4afd99845b&chksm=c18559a8f6f2d0bea0059abc931a243c46fb297fb98a3fd754ffdf850422be58af914c983733&scene=21&token=1580514169&lang=zh_CN#wechat_redirect,https://mmbiz.qpic.cn/mmbiz_jpg/5dibgI1PibHdbpo7ZywzpeY4t5HUDZx1VogmooKxHcxdr9JlFUXldmosgr3QMib8lCMHh4XnseSicfSjb2TbiceMcoQ/0?wx_fmt=jpeg
20,1673960907082911,https://mp.weixin.qq.com/s?__biz=MzkyMTQwNTk0Mg==&mid=2247483913&idx=1&sn=0840b207d680d9687cef49f1f44745aa&chksm=c1855290f6f2db86ea812e3f22694167e985108a6c0f0772229dfe6c12bba514722b3f28c431&scene=21#wechat_redirect,https://mmbiz.qpic.cn/mmbiz_jpg/5dibgI1PibHdbMowCkbfUrymrOLsdr4iaXk17THPsBLeBP2DXyViaNSOebcJzwqLkZgcm6qXVsHHprXXTuIBhUEHew/0?wx_fmt=jpeg
21,1673960907720087,https://mp.weixin.qq.com/s?__biz=MzkyMTQwNTk0Mg==&mid=2247484150&idx=1&sn=961af058fa59b7d99282b2ee04c47f90&chksm=c185526ff6f2db79cde4e3532458ff04ef43ec2ec639613d2352460a493c69b8be624842970a&scene=21#wechat_redirect,https://mmbiz.qpic.cn/mmbiz_jpg/5dibgI1PibHdbYcbqRQfguz05Debktf3ycIRoynnuTXbbKpicH5FlxtfnYRArAhoG5hxWoZWQlFicnvXgJoZfIE14w/0?wx_fmt=jpeg
22,1673960908276628,https://mp.weixin.qq.com/s?__biz=MzkyMTQwNTk0Mg==&mid=2247484241&idx=1&sn=2de1617de3877e626a7f5cc51a54c53c&chksm=c18553c8f6f2dadee1d25205d296c5ae159c43bb2b3fcd15200ffe7eb347eebde48124d334cd&scene=21#wechat_redirect,https://mmbiz.qpic.cn/mmbiz_jpg/5dibgI1PibHdZXqQy6NmCiaVgDmg9icFL4s5pkgo0XaAopyP8wks8Ipw7Jcb81AeNJRibwbfc5GazVYJ4ic8JNsppMSw/0?wx_fmt=jpeg
23,1673960909596651,https://mp.weixin.qq.com/s?__biz=MzkyMTQwNTk0Mg==&mid=2247484438&idx=1&sn=52c777dc84db3a302feeef039085202b&chksm=c185548ff6f2dd99e518f5ff7cfd49492762f7dbbbfcb82b6ea68be76174be42aba0f8de3abf&scene=21#wechat_redirect,https://mmbiz.qpic.cn/mmbiz_jpg/5dibgI1PibHdYh9Nfw3zGh7icJYFYHqJpgbQaVq3oJYpb0optFEX20pAsQvYtmr4E3p2ty2Prx2FrQJFXVibiac0aQg/0?wx_fmt=jpeg
24,1673960910049390,https://mp.weixin.qq.com/s?__biz=MzkyMTQwNTk0Mg==&mid=2247484703&idx=1&sn=c89bed88b9772d238a16947e5251f5d1&chksm=c1855586f6f2dc906b399fc9c0128b0145ae3b57cd9acb48f33283c7caf535f2108b07d41bbf&scene=21#wechat_redirect,https://mmbiz.qpic.cn/mmbiz_jpg/5dibgI1PibHdb6ojqT3xQpbwT3FyRpKjwRLzPAqhpUwasqUxBOPANePrEOhf4xEkuNWqu6m0OJHIWcw9HprObF3A/0?wx_fmt=jpeg
25,1673960910539049,https://mp.weixin.qq.com/s?__biz=MzkyMTQwNTk0Mg==&mid=2247484914&idx=1&sn=04674bfc44d703e1730e9b79c800a009&chksm=c185556bf6f2dc7d90756da17fa39c2b4e3c8eff3b2df634549e7f266736b2159ca921dac5fc&scene=21#wechat_redirect,https://mmbiz.qpic.cn/mmbiz_jpg/5dibgI1PibHdb1KhrKRvPiaPedy9DfmxibdeTWaOkAbwrO3fR8cH5hkpQYGcbf7lny54Zdw0yeH50bt0jicTicPkIe4w/0?wx_fmt=jpeg
26,1673960912210461,https://mp.weixin.qq.com/s?__biz=MzkyMTQwNTk0Mg==&mid=2247485208&idx=1&sn=9e8e51a23a05c6fcb6e0a3e585b5ae7c&chksm=c1855781f6f2de97423a3059e10bdb25a87b65c218b3c173fc288f89a87b6f6431b1b2d80067&scene=21#wechat_redirect,https://mmbiz.qpic.cn/mmbiz_jpg/5dibgI1PibHdZoaaf7htgxd238ROvEO9n05vTqgMed25jIxu9AZaibjq0uKZicbCibWiazm3SFXpciaNFBT1Z9PuUnEeQ/0?wx_fmt=jpeg
27,1673960912652015,https://mp.weixin.qq.com/s?__biz=MzkyMTQwNTk0Mg==&mid=2247485457&idx=1&sn=b49b6fd0b1ab173843836a367c6ea74e&chksm=c1855888f6f2d19ef9f9b494590fd753e5b114a67ca6f5764796e56ad929d66f45a62d8e1516&scene=21#wechat_redirect,https://mmbiz.qpic.cn/mmbiz_jpg/5dibgI1PibHdb2kcGVSakTXegN8BVctj8dIwOA3icQdc7WM5oicBDaMKVgjiabVQbxG0TnlOSI0Hggg7w28Zvj622wA/0?wx_fmt=jpeg
